{"properties": [
  {
    "name": "cloudinary.cloud_name",
    "type": "java.lang.String",
    "description": "For entering cloudinary cloud name"
  },
  {
    "name": "cloudinary.secret",
    "type": "java.lang.String",
    "description": "For entering cloudinary secret "
  },
  {
    "name": "cloudinary.key",
    "type": "java.lang.String",
    "description": "For entering cloudinary key"
  },
  {
    "name": "razorpay.secret",
    "type": "java.lang.String",
    "description": "For entering razor pay secret"
  },
  {
    "name": "razorpay.key",
    "type": "java.lang.String",
    "description": "For entering razor pay key"
  },
  {
    "name": "admin.password",
    "type": "java.lang.String",
    "description": "Admin password"
  },
    {
    "name": "admin.email",
     "type": "java.lang.String",
    "description": "Admin EMail"
  }
]}